CustomerId,Exit_Pred,Churn_Risk
15679249,0.7487000175571729,High
15603246,0.7470304576632033,High
15809837,0.7271316960592815,High
15713596,0.705057277096724,High
15630913,0.6962597151962518,High
15674637,0.6774915250485863,High
15690007,0.6724118146150274,High
15804787,0.6705383097863794,High
15704795,0.663020091781524,High
15658532,0.6628313311797185,High
15718893,0.6618911041187111,High
15751628,0.652309621582791,High
15727299,0.6466151323369133,High
15644103,0.6409820495906877,High
15700209,0.6311609235468959,High
15685329,0.6151047146019296,High
15791174,0.6122127096923263,High
15777211,0.5962601456416743,High
15612494,0.5951345419568986,High
15574554,0.593642604059091,High
15570835,0.5921535260970594,High
15638871,0.5906759511137208,High
15716609,0.5859506226888893,High
15765532,0.5838614543023818,High
15687421,0.5827157120263285,High
15623210,0.5803420432578854,High
15587535,0.578279783356515,High
15753332,0.5760873902963934,High
15568595,0.5744280553299305,High
15810834,0.5735314989625421,High
15684908,0.5726636640754176,High
15653037,0.5700628054013334,High
15806941,0.5679912630341312,High
15813022,0.5654469225021866,High
15617482,0.5611081735559695,High
15752857,0.5593821480433977,High
15680167,0.5571487306851932,High
15715622,0.5567486639622399,High
15809909,0.5564453362609613,High
15789669,0.5532322443768904,High
15574068,0.5520511413112094,High
15702541,0.5513433385662686,High
15628144,0.5470949317116521,High
15666166,0.5464144277660814,High
15606149,0.5406908602112288,High
15589975,0.5385711586139694,High
15808389,0.5342061006405118,High
15679818,0.5331257973726077,High
15690743,0.5288601620990392,High
15658486,0.5263595431095727,High
15627352,0.5222713045178401,High
15717984,0.5221820415085432,High
15575146,0.5211174366767988,High
15632575,0.520124267128301,High
15589147,0.5182388513696706,High
15651823,0.51801772911269,High
15582519,0.5178115344355257,High
15605926,0.517761228012069,High
15631406,0.5167102184518393,High
15610643,0.5163387775055438,High
15759566,0.5127502127039456,High
15776921,0.5126689780919916,High
15589017,0.5083335435862243,High
15721793,0.5083189364472663,High
15794171,0.5081120741911285,High
15744529,0.5074314373546328,High
15677382,0.5072775075688909,High
15698184,0.5044894984005632,High
15650313,0.5041943814923014,High
15700460,0.503371836848351,High
15742229,0.5031849643434897,High
15619343,0.4996123631358493,High
15727353,0.49926456209931136,High
15686099,0.49921664087790396,High
15631838,0.4987323430567812,High
15713604,0.4943800213405451,High
15675380,0.4935039914196315,High
15628767,0.49316861964564146,High
15743714,0.49160992906427053,High
15583221,0.49004690761576314,High
15677336,0.48916924787458843,High
15675176,0.48910807657043215,High
15714680,0.4880426446121109,High
15665402,0.48587372422029224,High
15580914,0.4851632641680612,High
15747757,0.48399722045995314,High
15798885,0.48267813146721583,High
15595440,0.4806463579637955,High
15720354,0.48060092784139835,High
15649150,0.48042869501871543,High
15696605,0.4802768122312849,High
15747358,0.48016128061464874,High
15771409,0.4797977977463246,High
15617866,0.47870991656024137,High
15649297,0.47624994683740507,High
15572356,0.47598618574673346,High
15582591,0.47595212794525515,High
15609735,0.4757544190984163,High
15675518,0.4738178315878336,High
15773276,0.4721903194645048,High
15761141,0.4721327486810567,High
15766575,0.4714475638802466,High
15656597,0.4712064514050704,High
15586674,0.4711620254866044,High
15645956,0.4700845532246344,High
15743498,0.4687925603922393,High
15605665,0.4681458503241933,High
15609011,0.46798683483503983,High
15673929,0.4678646458184015,High
15640769,0.4675119392995657,High
15584580,0.46508285811300365,High
15645316,0.4636739089939983,High
15617486,0.4633759157231583,High
15800440,0.46158525299535136,High
15613880,0.46143514408352726,High
15575399,0.46075777430121,High
15577515,0.4588372699721376,High
15712199,0.4580756548084426,High
15706537,0.45702885795052767,High
15574119,0.4562953810295632,High
15792365,0.45407871583980225,High
15583850,0.45364527538997285,High
15793726,0.4535452018716082,High
15723818,0.4508744383987938,High
15783865,0.4503325998985437,High
15715160,0.4503224083042688,High
15622461,0.450278762224141,High
15775590,0.4491715305910197,High
15794479,0.448719734288033,High
15774847,0.4484462810026537,High
15605872,0.4480565845322074,High
15727197,0.44785898303529437,High
15702442,0.4471898308596443,High
15638269,0.4468900239865671,High
15724282,0.4464563740356628,High
15597602,0.4463059068631623,High
15612771,0.4459026588567253,High
15722991,0.4455692094754819,High
15746553,0.4449337002907772,High
15786463,0.4433906949644386,High
15789753,0.4408269620367764,High
15815443,0.43915277909435796,High
15794396,0.4386614612986947,High
15724307,0.4366705287512257,High
15603096,0.43600779494480024,High
15759140,0.4347963964698099,High
15653773,0.43470624748573883,High
15802106,0.43467263726147776,High
15587611,0.43412881181987417,High
15737452,0.43310235981376655,High
15709920,0.4309370168318183,High
15665759,0.43056785432887973,High
15684196,0.4257127367209422,High
15612043,0.4251846779907685,High
15660602,0.4229552329838059,High
15750867,0.42265247437674197,High
15711901,0.4213117825576528,High
15674541,0.42015980588340723,High
15726250,0.42015311412972745,High
15609758,0.42015017829098233,High
15657809,0.41942570588489464,High
15660316,0.4192816311408567,High
15699284,0.4191302726882869,High
15616213,0.4190813037319862,High
15772216,0.41747801101271,High
15771942,0.417332550291426,High
15746333,0.4157531830764474,High
15735636,0.41545238384654376,High
15595991,0.41424472738931367,High
15724223,0.4135831677950752,High
15664668,0.41317804631196964,High
15715907,0.4129929050596345,High
15812628,0.4121338721891715,High
15712777,0.41098712904727897,High
15791191,0.410754216875323,High
15721658,0.4094538300544092,High
15804142,0.40889277490408127,High
15683977,0.40844661458268156,High
15623630,0.40822425161307857,High
15718765,0.4080996459331662,High
15746076,0.4076873814290315,High
15800061,0.4074113051905976,High
15636330,0.40738198249140656,High
15567860,0.4069500389538977,High
15710295,0.40690954021433146,High
15750156,0.4068714705036067,High
15788776,0.4048068829716935,High
15750765,0.4043903967371627,High
15782550,0.4035432133365306,High
15677288,0.40311412962894694,High
15774250,0.40291640790147104,High
15645371,0.4028517542687192,High
15623499,0.4026905787577705,High
15757467,0.40254503451451323,High
15798256,0.4023572978993779,High
15713578,0.40214491093406135,High
15577274,0.4019995361036062,High
15657540,0.40162379563862594,High
15578006,0.40140528636609285,High
15690134,0.4013129083271108,High
15766017,0.4000075935235481,High
15791988,0.39854125030674936,Moderate
15627971,0.39736979019317187,Moderate
15691504,0.3954007573835891,Moderate
15655232,0.3952781880128786,Moderate
15646366,0.3951919451491785,Moderate
15633930,0.3950538527988765,Moderate
15787830,0.3949651114132364,Moderate
15716164,0.394407486217046,Moderate
15784736,0.3942431323432703,Moderate
15614716,0.3942061333498488,Moderate
15771569,0.3933714911717883,Moderate
15597957,0.3930328918991442,Moderate
15593501,0.39094291446732843,Moderate
15651533,0.390781545169794,Moderate
15584704,0.3905759668620505,Moderate
15776631,0.3903449859709798,Moderate
15600821,0.39005817248383406,Moderate
15810203,0.38991760082895693,Moderate
15761018,0.3896400765729387,Moderate
15632826,0.3891437741028341,Moderate
15794560,0.3890951851363288,Moderate
15642726,0.3885701660885987,Moderate
15714939,0.3880455063013819,Moderate
15579617,0.3879806564752331,Moderate
15693690,0.3878025786587369,Moderate
15653937,0.38774577826230483,Moderate
15737605,0.38770429431470105,Moderate
15799635,0.3871793635739184,Moderate
15576352,0.38695331918769704,Moderate
15665283,0.38517295409718505,Moderate
15728006,0.38516804486359707,Moderate
15574142,0.3851076268374369,Moderate
15744368,0.3850362981183874,Moderate
15738751,0.38461808898923344,Moderate
15635435,0.3834554478146535,Moderate
15592751,0.3831135019706037,Moderate
15566708,0.38308533539120804,Moderate
15609623,0.38125071562474067,Moderate
15677020,0.38035317322967505,Moderate
15815645,0.38004393549409127,Moderate
15634295,0.37996993705903026,Moderate
15605425,0.3794134397391925,Moderate
15689096,0.3792940355612787,Moderate
15773322,0.3776224463201635,Moderate
15815070,0.37757864870785407,Moderate
15631310,0.37733817564164723,Moderate
15665222,0.3772479975566068,Moderate
15682576,0.377152436407993,Moderate
15648702,0.37694648719873,Moderate
15791867,0.3764129819312183,Moderate
15738634,0.3742656227653936,Moderate
15614827,0.37345702379103357,Moderate
15641285,0.37329922185904385,Moderate
15641773,0.3728431046716431,Moderate
15586264,0.37255656821748845,Moderate
15765402,0.3723653322358778,Moderate
15680303,0.37218784806305133,Moderate
15644280,0.37111099137345144,Moderate
15685290,0.3704450976986555,Moderate
15636999,0.3702425936450716,Moderate
15649744,0.3701789811166552,Moderate
15782360,0.36854139685580467,Moderate
15704053,0.3684162658109198,Moderate
15600110,0.3671377969534357,Moderate
15809178,0.3671344356166335,Moderate
15622631,0.3667085956881478,Moderate
15700212,0.3666506152923707,Moderate
15675650,0.36590092611905606,Moderate
15654408,0.36581412008336806,Moderate
15620111,0.36572600336387445,Moderate
15635870,0.36571476373427714,Moderate
15577478,0.3654848108239282,Moderate
15631222,0.365455071540861,Moderate
15704763,0.3648288017029891,Moderate
15726747,0.36476989869293774,Moderate
15653753,0.3645569423599473,Moderate
15815534,0.36439060445494803,Moderate
15683993,0.3638715716669217,Moderate
15702380,0.3637068902100268,Moderate
15752300,0.3627658374160203,Moderate
15665053,0.36214503501323964,Moderate
15573319,0.36199578966749707,Moderate
15669957,0.36162469435427863,Moderate
15672374,0.36108298012911333,Moderate
15569452,0.3610225101967039,Moderate
15777315,0.36019333043268487,Moderate
15775306,0.3598744774869831,Moderate
15792868,0.3596766315759765,Moderate
15797160,0.35963485239376763,Moderate
15571193,0.35960265842632283,Moderate
15761294,0.3585338347876242,Moderate
15799626,0.35836293769448374,Moderate
15789339,0.3578686741675118,Moderate
15787255,0.3578625577718697,Moderate
15792473,0.35771086216155445,Moderate
15728838,0.35768023196731474,Moderate
15569451,0.35742526774374767,Moderate
15648455,0.35738945556666135,Moderate
15700693,0.35738671212818135,Moderate
15632280,0.35711617579635696,Moderate
15780140,0.35687678725558847,Moderate
15604355,0.35669826614287986,Moderate
15574004,0.3566972762392325,Moderate
15646558,0.35653090117749914,Moderate
15616745,0.3562527637590369,Moderate
15699461,0.35604835990685896,Moderate
15790489,0.3559664640778305,Moderate
15658987,0.35556601629517653,Moderate
15659694,0.3555193977455028,Moderate
15586039,0.35520623563799086,Moderate
15600974,0.35382540301782167,Moderate
15750970,0.3532137243277758,Moderate
15713819,0.3527347895918047,Moderate
15577178,0.35210688668819723,Moderate
15793116,0.3520208171193962,Moderate
15750837,0.3514301893432529,Moderate
15639049,0.3512092347567949,Moderate
15707362,0.3507944547387054,Moderate
15796334,0.3507022663059226,Moderate
15718289,0.35059044031927067,Moderate
15763029,0.35045204982959727,Moderate
15664907,0.3500691389146253,Moderate
15636548,0.3491649267820934,Moderate
15680112,0.34899333780689756,Moderate
15597536,0.34881418171391027,Moderate
15589698,0.34868643028300006,Moderate
15704509,0.3485333452588475,Moderate
15739931,0.34832902786343084,Moderate
15764195,0.3475459471489925,Moderate
15742511,0.34751338232612083,Moderate
15721462,0.3473358829236927,Moderate
15766887,0.34702340266967985,Moderate
15777054,0.3465297499225355,Moderate
15798385,0.34626994603922157,Moderate
15583026,0.34617019540903216,Moderate
15703763,0.3461142081453111,Moderate
15585100,0.34611361305485405,Moderate
15814772,0.34589712688491525,Moderate
15613623,0.3456009956801269,Moderate
15689168,0.34474108223873795,Moderate
15638607,0.3437812211072628,Moderate
15642785,0.34329534548892415,Moderate
15776494,0.34288299482346923,Moderate
15592773,0.3425030442755182,Moderate
15788539,0.3421925258165414,Moderate
15657107,0.3421858260077219,Moderate
15671973,0.3414682484366628,Moderate
15749638,0.3413669310902697,Moderate
15574910,0.34120602499658365,Moderate
15654975,0.34055587166161466,Moderate
15574761,0.3404264191399014,Moderate
15652835,0.3404123550800581,Moderate
15580249,0.34034878823101916,Moderate
15810444,0.34025757161739517,Moderate
15643361,0.34024993754464433,Moderate
15793688,0.33952830374701387,Moderate
15643426,0.3391222102268742,Moderate
15626008,0.33911265686588205,Moderate
15759067,0.338841364237834,Moderate
15743236,0.33862891031167963,Moderate
15659962,0.33839068128487965,Moderate
15654372,0.3382594351944767,Moderate
15570508,0.33793284357695896,Moderate
15566253,0.3378923578096947,Moderate
15618703,0.33783924187654985,Moderate
15654700,0.3377953193161153,Moderate
15646566,0.3375702937102594,Moderate
15774936,0.33752672004237333,Moderate
15715638,0.3371862413446079,Moderate
15690452,0.3369224124572265,Moderate
15642996,0.3369012452845767,Moderate
15609669,0.336796550751527,Moderate
15567832,0.33678976493422647,Moderate
15793070,0.3360857642684694,Moderate
15586959,0.3358837262276199,Moderate
15663888,0.33561023455481437,Moderate
15587419,0.33538103494575794,Moderate
15763895,0.33437081428216775,Moderate
15709324,0.3342961924175632,Moderate
15643439,0.3341355312166563,Moderate
15764892,0.3341221688813414,Moderate
15604130,0.3340497834921221,Moderate
15570895,0.3339694444134388,Moderate
15794413,0.33378572733092,Moderate
15571121,0.3335707244486139,Moderate
15730150,0.33351570213439435,Moderate
15774127,0.33344583571997477,Moderate
15692406,0.33339248413258893,Moderate
15770424,0.3332223478949378,Moderate
15769353,0.33282215737748627,Moderate
15803941,0.3327657210398801,Moderate
15631709,0.33267432913616923,Moderate
15626012,0.33245763149008734,Moderate
15746490,0.3319051736886047,Moderate
15690372,0.3313148822224077,Moderate
15733429,0.3313077098222194,Moderate
15611905,0.3310910240573848,Moderate
15674950,0.33031693672530643,Moderate
15812534,0.3301994477015834,Moderate
15714087,0.3297566127116771,Moderate
15666884,0.32972829195894693,Moderate
15624677,0.32934890511896564,Moderate
15628697,0.329289602905854,Moderate
15777452,0.3290748969293663,Moderate
15746410,0.3288470726436861,Moderate
15812888,0.32847384861190704,Moderate
15625964,0.3284279234256115,Moderate
15812210,0.328333409137228,Moderate
15619360,0.3281321578566879,Moderate
15636454,0.327915005554479,Moderate
15647725,0.3275891295499899,Moderate
15585888,0.3275047722807237,Moderate
15740846,0.3274424513808919,Moderate
15646190,0.3273915433042877,Moderate
15794278,0.32704281064450663,Moderate
15650258,0.32698357387583316,Moderate
15690130,0.32688069720319063,Moderate
15719479,0.32681976812869357,Moderate
15697311,0.3267801004886081,Moderate
15703793,0.3266339151273882,Moderate
15770548,0.32662124070315185,Moderate
15731751,0.326576021061757,Moderate
15761076,0.32602788444138325,Moderate
15715003,0.32519354348595586,Moderate
15736327,0.3251852487325578,Moderate
15578835,0.324953683055294,Moderate
15687765,0.324939398948441,Moderate
15675360,0.32487569563997093,Moderate
15656901,0.32389827055435305,Moderate
15629187,0.3236644324557763,Moderate
15730657,0.3236388396808322,Moderate
15795936,0.32327413563440993,Moderate
15701121,0.3228744534065345,Moderate
15703413,0.3218944508652212,Moderate
15792228,0.3218779543748653,Moderate
15756299,0.321028212787114,Moderate
15706762,0.3206148011243517,Moderate
15785865,0.32034492837028616,Moderate
15670562,0.3199124671312336,Moderate
15778290,0.3197495092305141,Moderate
15806027,0.3194065363759987,Moderate
15617082,0.3192304492524255,Moderate
15811127,0.3189054120641911,Moderate
15569247,0.3184704779130135,Moderate
15791111,0.31833548720458554,Moderate
15725221,0.3180334578544952,Moderate
15806438,0.31796373970585157,Moderate
15616454,0.3174738974850815,Moderate
15814331,0.31740970386157513,Moderate
15658614,0.31712207456361974,Moderate
15577313,0.3162568938424693,Moderate
15720929,0.3155253509024531,Moderate
15737354,0.3155037274049917,Moderate
15755223,0.3152959567370554,Moderate
15568360,0.31510730413671234,Moderate
15784918,0.31494020543298595,Moderate
15698664,0.3147025936965988,Moderate
15762169,0.3143740064688674,Moderate
15626156,0.3141839228023625,Moderate
15733904,0.3141693030730705,Moderate
15685653,0.31410678847574336,Moderate
15681476,0.3137387452190967,Moderate
15644692,0.31371559076597927,Moderate
15636089,0.31285600640142613,Moderate
15595324,0.31284480815128857,Moderate
15618926,0.3125859316179937,Moderate
15646784,0.31223167316630995,Moderate
15754053,0.3118471016855375,Moderate
15638003,0.3117592851173094,Moderate
15633537,0.31134008493581233,Moderate
15797733,0.31115896605349824,Moderate
15724684,0.3109274246155391,Moderate
15814536,0.31090342657721687,Moderate
15644994,0.31086672960545103,Moderate
15812767,0.3107400575374764,Moderate
15712068,0.31050264052966614,Moderate
15768816,0.31016584311646306,Moderate
15579566,0.3097812442644998,Moderate
15781272,0.3097561854999536,Moderate
15567431,0.30964686264833574,Moderate
15725818,0.3093941399496816,Moderate
15630419,0.3091029924105192,Moderate
15706268,0.30909778171701185,Moderate
15759913,0.30879890455749215,Moderate
15783305,0.3086442647077714,Moderate
15583137,0.3082948936677427,Moderate
15694381,0.3081219885826331,Moderate
15685245,0.3080098127666852,Moderate
15648881,0.30759925759335927,Moderate
15756539,0.30750773510591356,Moderate
15720706,0.30727342068021013,Moderate
15728505,0.30704845854076185,Moderate
15815040,0.3070410711768692,Moderate
15629519,0.30684438606278125,Moderate
15600832,0.30662906112089416,Moderate
15593496,0.30633255154580535,Moderate
15754952,0.30610992503540274,Moderate
15587299,0.30557394194420795,Moderate
15696900,0.3055478824012246,Moderate
15636812,0.3055071456859693,Moderate
15806796,0.3048461477751175,Moderate
15800688,0.30450432424953655,Moderate
15726103,0.3037074008085035,Moderate
15709917,0.3032043304561237,Moderate
15655952,0.3024244861087958,Moderate
15673055,0.30216280200888807,Moderate
15593345,0.30185615486456513,Moderate
15692291,0.301627072055058,Moderate
15566988,0.3010470619310755,Moderate
15661734,0.30076757986728136,Moderate
15663939,0.29989590047877734,Mild
15644934,0.29974033919365145,Mild
15675585,0.29958764548586775,Mild
15733114,0.29936220874764324,Mild
15648067,0.2993172055052462,Mild
15635097,0.29921584937221596,Mild
15604804,0.2986645234302302,Mild
15624623,0.29843955058638827,Mild
15726589,0.2983999910971744,Mild
15808674,0.2983010688042293,Mild
15765857,0.2974926092458615,Mild
15680666,0.29733775539342,Mild
15697127,0.29724390461475864,Mild
15765812,0.29723108388880803,Mild
15613816,0.29709129882847835,Mild
15681550,0.2969807075664379,Mild
15745417,0.2967653284957427,Mild
15701301,0.2966729610636725,Mild
15746127,0.2966540160489699,Mild
15728773,0.29626866151048237,Mild
15581323,0.29553028373097534,Mild
15766741,0.2951787811495678,Mild
15725679,0.2951105395543312,Mild
15591550,0.29510420489234435,Mild
15585961,0.2947161705695765,Mild
15673578,0.29453391873764445,Mild
15724423,0.2942424932984262,Mild
15649160,0.2942178044646388,Mild
15693996,0.293672146172761,Mild
15763898,0.2930608508724503,Mild
15657163,0.2927443456076709,Mild
15652030,0.2921873419474485,Mild
15710543,0.2919133515436972,Mild
15757577,0.29093733300552604,Mild
15748034,0.2899186752238952,Mild
15586993,0.28927861468191157,Mild
15659234,0.2891038753181647,Mild
15773852,0.28890282946160806,Mild
15643042,0.28770472884634574,Mild
15611682,0.2876652511296248,Mild
15706557,0.2875720714422914,Mild
15810460,0.2875230241039623,Mild
15589754,0.2869755798309508,Mild
15763111,0.2869273888885232,Mild
15623369,0.2862936958846804,Mild
15723250,0.28623763291439686,Mild
15626412,0.28600655930087326,Mild
15568106,0.285900088906291,Mild
15641009,0.2858973243503668,Mild
15697691,0.2858115661417271,Mild
15769005,0.2857811069228207,Mild
15710365,0.2856604171958843,Mild
15635116,0.2856319492532244,Mild
15599552,0.28552694228460185,Mild
15806467,0.285421024126031,Mild
15705953,0.285332488910316,Mild
15814930,0.2852996207022182,Mild
15777614,0.28515730052187194,Mild
15640905,0.28510722709760067,Mild
15815656,0.2849487987314304,Mild
15747130,0.2846269487947543,Mild
15698703,0.2845610027739715,Mild
15596181,0.28451085696999917,Mild
15566211,0.28450818134450767,Mild
15764343,0.28439794040176525,Mild
15797760,0.2841874197994772,Mild
15771543,0.28418474605189564,Mild
15664001,0.28381951574970554,Mild
15762762,0.28381793997377797,Mild
15734987,0.283407578540952,Mild
15747168,0.2826426660671165,Mild
15624820,0.2824624190057226,Mild
15778975,0.2822482886076944,Mild
15590268,0.28214719994544724,Mild
15579040,0.2820889226253227,Mild
15746065,0.28184100005429896,Mild
15722731,0.28183592620325587,Mild
15711571,0.2816585229325877,Mild
15665416,0.2816135390901819,Mild
15721740,0.2815459493647311,Mild
15768163,0.2814640501528465,Mild
15771299,0.28140448294856935,Mild
15754112,0.2813752130627365,Mild
15765806,0.28132824453091365,Mild
15670103,0.28030458835133215,Mild
15720687,0.2800518915632933,Mild
15772604,0.2800034621200242,Mild
15728480,0.2799552531198155,Mild
15674343,0.27978891005825396,Mild
15604813,0.27930346398059075,Mild
15665088,0.2792083712076963,Mild
15570192,0.2788185914686485,Mild
15730793,0.27872656437952564,Mild
15617065,0.2785703952523512,Mild
15734578,0.27830108976672085,Mild
15613749,0.2782365097715231,Mild
15694039,0.2782111722064092,Mild
15589544,0.2780572433617117,Mild
15619016,0.27731074178305337,Mild
15806332,0.2771524773075815,Mild
15756333,0.2771203608960188,Mild
15667456,0.2771192212856038,Mild
15660980,0.2770484482752598,Mild
15711254,0.2767085629352879,Mild
15708362,0.2765326970225331,Mild
15667871,0.2764034267228027,Mild
15636736,0.276401239127661,Mild
15675422,0.2763244059394594,Mild
15699911,0.2758784186066358,Mild
15732438,0.2758143392202112,Mild
15749528,0.2754990095153916,Mild
15756196,0.2752052035334421,Mild
15790247,0.27477509098932285,Mild
15715047,0.2746814253363645,Mild
15744279,0.27438162032432334,Mild
15699257,0.2743203219850714,Mild
15719212,0.27420037958665155,Mild
15644453,0.27378601838747235,Mild
15735687,0.2731048666568904,Mild
15764604,0.27270120241526274,Mild
15571869,0.2723085625107938,Mild
15567893,0.2722656407332434,Mild
15586585,0.2722512379704406,Mild
15630053,0.2722383434294827,Mild
15750055,0.2721574476076225,Mild
15812470,0.27155682890754246,Mild
15656417,0.27112352625184827,Mild
15597930,0.2711228665766284,Mild
15613463,0.2710964228138408,Mild
15573854,0.26981765522884876,Mild
15597709,0.2695411600602989,Mild
15619932,0.2693775462348615,Mild
15752502,0.2689442588590824,Mild
15569892,0.2688120535388962,Mild
15668958,0.26859071013651337,Mild
15767681,0.2685016813700267,Mild
15569678,0.268398453112752,Mild
15731890,0.2682865898527194,Mild
15812607,0.26803546571681647,Mild
15748069,0.2675895261444933,Mild
15780925,0.26748646299553847,Mild
15612893,0.26712609258161923,Mild
15711181,0.266604065962096,Mild
15670702,0.2664866567261701,Mild
15583755,0.2663594246804433,Mild
15615797,0.26626632568934056,Mild
15741295,0.266213658186808,Mild
15668971,0.26617180669792984,Mild
15616530,0.26560930013453316,Mild
15617078,0.2652241224149367,Mild
15599722,0.26486379721640646,Mild
15594456,0.2646172010948704,Mild
15750755,0.2641848598293788,Mild
15707968,0.26408499859941104,Mild
15660768,0.2639770521101824,Mild
15619529,0.26385412557021165,Mild
15569526,0.2635944221272802,Mild
15612358,0.2632533240054056,Mild
15624703,0.2630429629348645,Mild
15783629,0.26303470526220957,Mild
15713144,0.2629181637448302,Mild
15765415,0.2628645123444147,Mild
15761713,0.2628148214265818,Mild
15759741,0.2625256864995522,Mild
15760662,0.2624913629828325,Mild
15801431,0.2621169855050788,Mild
15747503,0.26186737474477495,Mild
15751771,0.26122072179317324,Mild
15646539,0.26121813602831406,Mild
15784526,0.2612078827968491,Mild
15807593,0.26113849316493115,Mild
15689886,0.26105066811864913,Mild
15761132,0.2609077247997209,Mild
15808960,0.26077572364624535,Mild
15688128,0.2607182888238943,Mild
15794048,0.2606320629917442,Mild
15757829,0.2602922465796543,Mild
15681220,0.2601270199597006,Mild
15649101,0.26000239222387905,Mild
15619407,0.2599710331124465,Mild
15704340,0.25977998313010864,Mild
15659651,0.2596490336501037,Mild
15675256,0.2593762444281166,Mild
15762277,0.2590784917602035,Mild
15747795,0.2590359730998504,Mild
15616270,0.25900291522307534,Mild
15718443,0.2589679187609231,Mild
15585284,0.25856819537651177,Mild
15758513,0.2585147552977772,Mild
15761241,0.25829127543951486,Mild
15760177,0.258254817507598,Mild
15574858,0.25823957669052855,Mild
15672053,0.2581602069011685,Mild
15653147,0.258031319261539,Mild
15800890,0.25788868697444656,Mild
15725639,0.2577899669635541,Mild
15722965,0.2575159451324938,Mild
15681206,0.2575121066457643,Mild
15703205,0.2575016887368833,Mild
15790846,0.25746988543808896,Mild
15739123,0.2571682924789556,Mild
15565806,0.2571173569796041,Mild
15775295,0.25710911631207656,Mild
15811314,0.2568007158010889,Mild
15776454,0.25675112062006566,Mild
15649487,0.2566929948032487,Mild
15665524,0.256547670250569,Mild
15606755,0.25653596967030334,Mild
15693322,0.2564684636991412,Mild
15586133,0.25645322856407565,Mild
15783019,0.25637453075067934,Mild
15774104,0.25622263256160543,Mild
15653253,0.25612268582504233,Mild
15739271,0.25605733042440537,Mild
15591915,0.25597479131515855,Mild
15740868,0.25596238295440077,Mild
15644621,0.2557015519673722,Mild
15797767,0.2555841703309667,Mild
15674254,0.25552492972761615,Mild
15663421,0.2554876505212755,Mild
15789432,0.25532448485535697,Mild
15759387,0.2549584897599663,Mild
15647570,0.2548758468391953,Mild
15736760,0.254807245036,Mild
15741728,0.2547087107762084,Mild
15610930,0.25459167315041287,Mild
15570414,0.254420358430005,Mild
15700654,0.25432970900746704,Mild
15574213,0.25407916829150323,Mild
15684592,0.2539049666323973,Mild
15738907,0.25378136386192607,Mild
15687959,0.25362547771632704,Mild
15679145,0.25300342412268195,Mild
15633043,0.25248376133264344,Mild
15578878,0.2523316492003042,Mild
15685019,0.2521005426888846,Mild
15755638,0.25190341397749566,Mild
15707567,0.2518953324067804,Mild
15802220,0.25186402169779615,Mild
15581700,0.25138238018007203,Mild
15809830,0.25137353524259964,Mild
15754649,0.2511457943862673,Mild
15673074,0.25092928503679385,Mild
15613962,0.2508717428143154,Mild
15690898,0.2508505370634213,Mild
15800736,0.25077618020280534,Mild
15674156,0.25051055851176873,Mild
15666711,0.24976390869798604,Mild
15566958,0.2494711996972656,Mild
15778155,0.24935609419264904,Mild
15733361,0.24923663330416923,Mild
15598521,0.24917752019753195,Mild
15682435,0.24915463907155358,Mild
15629273,0.24914811244252133,Mild
15640852,0.24897346948580426,Mild
15774738,0.24889792676520456,Mild
15573452,0.24864103380125083,Mild
15704657,0.24853063289754793,Mild
15713854,0.24844875447785078,Mild
15569248,0.24827115478190911,Mild
15733602,0.2482650479429394,Mild
15674110,0.24814663258104502,Mild
15632256,0.24808383997837805,Mild
15713463,0.2477350161388189,Mild
15628034,0.24757355486472085,Mild
15567834,0.24747242799373825,Mild
15807245,0.24735122677398638,Mild
15588560,0.24729366764296204,Mild
15642345,0.24683105668650965,Mild
15711889,0.2465156010308316,Mild
15606274,0.2463663209288056,Mild
15601012,0.2462914129519091,Mild
15766064,0.24625965961861748,Mild
15762268,0.24625758458889668,Mild
15569626,0.24625071159528955,Mild
15796612,0.24584317923748444,Mild
15617991,0.24583455166266327,Mild
15681990,0.24580210830104032,Mild
15614049,0.24576591887263996,Mild
15575759,0.2451931933601635,Mild
15775627,0.2451528891586192,Mild
15791131,0.24511572456734915,Mild
15792862,0.24509127863678296,Mild
15799924,0.24498434189973012,Mild
15625445,0.24484558133923648,Mild
15780746,0.24479678611429992,Mild
15710366,0.24464004644860107,Mild
15636592,0.2443492481968322,Mild
15634844,0.24426893476580816,Mild
15725094,0.24424805393572385,Mild
15618155,0.24408204958059204,Mild
15741633,0.24365807160542888,Mild
15603481,0.24362763531274553,Mild
15629744,0.24352930191644867,Mild
15672185,0.24351519568057958,Mild
15770345,0.24341473877852993,Mild
15583371,0.24339338908617678,Mild
15722037,0.24325464853661466,Mild
15670753,0.24321184395815176,Mild
15701291,0.24313525343472117,Mild
15690733,0.24308682936084383,Mild
15593959,0.24288723708599083,Mild
15586069,0.24249221302271518,Mild
15684548,0.24234804057479556,Mild
15793247,0.2422471540923203,Mild
15777759,0.24224536434193872,Mild
15814675,0.24202857277294365,Mild
15781034,0.24169516381086462,Mild
15601550,0.24168111578536167,Mild
15710404,0.24155027981818583,Mild
15761024,0.2414015229751807,Mild
15568849,0.24092581711961028,Mild
15786215,0.24057440105800965,Mild
15791053,0.24030883886272456,Mild
15785024,0.24014311724660478,Mild
15643865,0.2400448522786521,Mild
15627298,0.23987099378290463,Mild
15727384,0.23985489429407833,Mild
15730059,0.23929238434037872,Mild
15771573,0.23908443919107986,Mild
15782758,0.23900446405063738,Mild
15809906,0.23894663343747535,Mild
15570299,0.23893995403727952,Mild
15675791,0.2388200189987733,Mild
15682021,0.2387934901305357,Mild
15613326,0.23877794585529785,Mild
15681843,0.23876369181558743,Mild
15641480,0.23825802442659108,Mild
15814553,0.23809027390944076,Mild
15633213,0.23798030157773783,Mild
15747458,0.23788939507423107,Mild
15614187,0.237688561032119,Mild
15634218,0.237636524816442,Mild
15659475,0.23733761254977523,Mild
15802368,0.23726261802903492,Mild
15735632,0.23719344327566594,Mild
15797190,0.2366825558726119,Mild
15730353,0.2365828043947241,Mild
15667742,0.23639656617096583,Mild
15622658,0.23635495994423567,Mild
15799468,0.23612788145526625,Mild
15696098,0.236067488573612,Mild
15781234,0.23599214527306986,Mild
15603665,0.23593854136197745,Mild
15797219,0.23571690209131227,Mild
15744240,0.23550012231033327,Mild
15588080,0.23547982725323113,Mild
15814923,0.23523758674635473,Mild
15809817,0.2352237914824776,Mild
15775131,0.23520750420835582,Mild
15769522,0.23513138933542876,Mild
15719265,0.23507606486655688,Mild
15612064,0.23503528554718253,Mild
15581526,0.23502063725021133,Mild
15620570,0.23472108622744384,Mild
15748986,0.23454335654894173,Mild
15716491,0.2345077176613345,Mild
15807008,0.2344477540872607,Mild
15741417,0.23433227247693086,Mild
15659092,0.23415284049729768,Mild
15611947,0.23410126899160572,Mild
15708710,0.23396078538890636,Mild
15733797,0.2339197364996611,Mild
15641732,0.2339044902255751,Mild
15801062,0.2336508558081511,Mild
15624397,0.2336226240696451,Mild
15677369,0.23335947042267263,Mild
15568748,0.23330991625891537,Mild
15747974,0.23321784620061936,Mild
15777922,0.23303843445484157,Mild
15748352,0.23270021920305206,Mild
15628863,0.23262028460488446,Mild
15709653,0.23251470498040508,Mild
15619494,0.23250630618892057,Mild
15581479,0.23240987732937102,Mild
15792922,0.23230958914105157,Mild
15572735,0.2321490314255092,Mild
15614213,0.23202106458137176,Mild
15737080,0.23195157341555425,Mild
15610972,0.23192562345585954,Mild
15776433,0.2317850460666234,Mild
15689412,0.23171238922048035,Mild
15656322,0.23152987000701994,Mild
15769216,0.23140677242539023,Mild
15573628,0.23130745925049573,Mild
15801832,0.23127599125226345,Mild
15746199,0.2310859860951481,Mild
15623072,0.23104546410951157,Mild
15696061,0.23094603904402639,Mild
15813095,0.23085344659928234,Mild
15637977,0.23073491203084012,Mild
15672246,0.23068932426437547,Mild
15635776,0.23038787609362749,Mild
15615032,0.2303573188805824,Mild
15616451,0.23034628384324635,Mild
15659807,0.2300732406111823,Mild
15811343,0.2300352417566681,Mild
15788683,0.23002829711472597,Mild
15785373,0.22997876056522354,Mild
15800514,0.22969193668682247,Mild
15670427,0.22928446258854604,Mild
15623791,0.22923912945273786,Mild
15704250,0.22909448665260135,Mild
15651093,0.22908565854789245,Mild
15590606,0.2290808941581284,Mild
15690175,0.2290113160076855,Mild
15632521,0.22896600833766903,Mild
15728043,0.22883580110381552,Mild
15709441,0.2287575504948636,Mild
15765300,0.22866085467461697,Mild
15639788,0.22857999518260513,Mild
15588090,0.22853253055272463,Mild
15658548,0.2280739919086586,Mild
15734312,0.2280433603757893,Mild
15666916,0.22801143115844216,Mild
15705777,0.2279564443538302,Mild
15644501,0.2279186205848623,Mild
15757895,0.2272716073551486,Mild
15745399,0.22720602095827175,Mild
15776096,0.22708215361913428,Mild
15758769,0.2268838076616447,Mild
15576269,0.22651481047754646,Mild
15644878,0.22638120598026282,Mild
15729201,0.2262281575072703,Mild
15764409,0.22612210897619095,Mild
15595917,0.22599953927713035,Mild
15709994,0.22598945145214844,Mild
15674331,0.2258204011376976,Mild
15619616,0.22564825984085593,Mild
15708610,0.22562316809019303,Mild
15770811,0.22541823765080007,Mild
15752578,0.22541035692015052,Mild
15750728,0.22482716512981477,Mild
15666856,0.22474428964539092,Mild
15677395,0.22461100924575816,Mild
15759555,0.22454604724014102,Mild
15651802,0.2245349268167564,Mild
15696175,0.22437473442276387,Mild
15683213,0.22425250332975552,Mild
15592116,0.22422899312839417,Mild
15795527,0.22365712386916642,Mild
15586976,0.22346511986758982,Mild
15581440,0.22331105160637144,Mild
15743490,0.2232560931617018,Mild
15799966,0.22324280680825564,Mild
15636872,0.2231430479467908,Mild
15742879,0.22298096093848993,Mild
15613471,0.22278969214992017,Mild
15567557,0.22262968247919637,Mild
15750569,0.2226181119913109,Mild
15679738,0.22257463140338785,Mild
15574324,0.2222722675968889,Mild
15748947,0.22217689182356848,Mild
15774491,0.22208867000378948,Mild
15627212,0.22201157934405966,Mild
15568506,0.22187587927070992,Mild
15585985,0.221825350194481,Mild
15610727,0.22181038377988072,Mild
15758856,0.2215678441900334,Mild
15754820,0.22154532185638276,Mild
15769246,0.22151205366311735,Mild
15662151,0.2214432457462118,Mild
15619029,0.22139835277063732,Mild
15626040,0.22110911066758984,Mild
15721303,0.22088363123451957,Mild
15754578,0.22082075670331366,Mild
15623471,0.22069237380090045,Mild
15600813,0.22063137989759424,Mild
15697574,0.22035797727034256,Mild
15775108,0.22012525271444605,Mild
15688880,0.2200811370183095,Mild
15677586,0.2200282903877302,Mild
15790254,0.21999672928022831,Mild
15572801,0.21973497885925408,Mild
15603550,0.2196764114068512,Mild
15700549,0.21921421266669103,Mild
15718588,0.2191272649225123,Mild
15684211,0.2190022395655404,Mild
15682547,0.21898361878973244,Mild
15775949,0.21895025344826607,Mild
15764708,0.2186726475030222,Mild
15796230,0.21859145485616305,Mild
15633640,0.21854511264266271,Mild
15711062,0.21828866537297953,Mild
15809654,0.2182319504023462,Mild
15694129,0.2181627484472145,Mild
15775912,0.21811664442085918,Mild
15574523,0.21811192423939652,Mild
15569264,0.21801207436907416,Mild
15705001,0.2176382200049729,Mild
15690079,0.21756019625073558,Mild
15672132,0.21746318044526475,Mild
15614168,0.21739241974198312,Mild
15753719,0.21731954789608265,Mild
15606601,0.2173182278300234,Mild
15699524,0.2173105344358878,Mild
15761606,0.21703495885583576,Mild
15803538,0.21687575683570282,Mild
15627699,0.21686131941936188,Mild
15710825,0.21685141716409673,Mild
15575409,0.21684486378465342,Mild
15600086,0.2167301183608649,Mild
15611189,0.2166437768310856,Mild
15632185,0.21663282796893865,Mild
15631189,0.2166312085582606,Mild
15796351,0.21659285429318953,Mild
15801559,0.21652706958911913,Mild
15585748,0.21650069083124743,Mild
15576022,0.21642134383789113,Mild
15751912,0.21635817655272066,Mild
15743673,0.21630997319348122,Mild
15642824,0.21627683543724563,Mild
15629323,0.2161373429130518,Mild
15690182,0.21613592124758838,Mild
15640686,0.21592006579910786,Mild
15776128,0.21591212784379837,Mild
15778089,0.21590738642391893,Mild
15752601,0.21544088456804042,Mild
15569641,0.21540608926271188,Mild
15718852,0.21537620558611054,Mild
15708867,0.21530427435843633,Mild
15771750,0.2152602678255087,Mild
15737571,0.21516722353953907,Mild
15789498,0.21507619052057073,Mild
15623107,0.21507304300991176,Mild
15609899,0.21497144415610947,Mild
15620276,0.21496396504393323,Mild
15609299,0.21477043216519964,Mild
15694666,0.21453907891166238,Mild
15707479,0.2144588351714448,Mild
15779743,0.2143483960680462,Mild
15730360,0.21411590600454478,Mild
15696141,0.21379001715721244,Mild
15716835,0.21375459463142446,Mild
15701765,0.21362271426476234,Mild
15569764,0.2135586895228464,Mild
15653780,0.21354980027874235,Mild
15680405,0.2135089089601686,Mild
15703106,0.21347678081376972,Mild
15625824,0.21345441626769512,Mild
15595037,0.21325574333927527,Mild
15605264,0.2128557423910087,Mild
15650391,0.21281453604308967,Mild
15746662,0.21273197564279617,Mild
15802625,0.21264602861491733,Mild
15718280,0.21264499299866002,Mild
15600934,0.21263464170620988,Mild
15626507,0.21256931753918512,Mild
15803790,0.21248279786669041,Mild
15605737,0.21247044415301092,Mild
15668747,0.21239268390510746,Mild
15767358,0.21231620141022098,Mild
15581295,0.2119636879855419,Mild
15808760,0.21180166197324787,Mild
15649523,0.21173289052910962,Mild
15595303,0.21128709201246312,Mild
15809999,0.21119731192643046,Mild
15814267,0.21119558501341357,Mild
15614740,0.2110852430578859,Mild
15605333,0.21078472410778523,Mild
15614834,0.21055501445576022,Mild
15633608,0.2104481186489973,Mild
15724764,0.21042890558083827,Mild
15707551,0.21037513256912435,Mild
15568429,0.2103273249068654,Mild
15747265,0.21020763026825526,Mild
15581286,0.21012325989564704,Mild
15695097,0.21007253141732674,Mild
15700813,0.21001945307530945,Mild
15742854,0.20999244408031725,Mild
15690169,0.20988748008783611,Mild
15722083,0.2098069767805487,Mild
15800031,0.20974564579819988,Mild
15672499,0.20950221588852783,Mild
15785490,0.20944765787520403,Mild
15607312,0.20903562039278184,Mild
15643826,0.20898268908359988,Mild
15672467,0.20895470192025795,Mild
15733014,0.208883411662639,Mild
15778589,0.20888217697263195,Mild
15650086,0.20887228220790907,Mild
15603088,0.20884447451533616,Mild
15658409,0.20878568144939927,Mild
15637753,0.2086844116560716,Mild
15593900,0.20867187756316774,Mild
15757385,0.20853534575141897,Mild
15803682,0.20838717756522723,Mild
15665177,0.20836571359436123,Mild
15583718,0.2083270884892194,Mild
15723484,0.20816232544712174,Mild
15764654,0.20787850611573902,Mild
15588419,0.20761436431419578,Mild
15605965,0.20755077172172795,Mild
15565701,0.2074741911506871,Mild
15568915,0.20736815486594312,Mild
15815271,0.20729875801769831,Mild
15776947,0.2071492638485283,Mild
15766776,0.20673600462258926,Mild
15688644,0.20672708088513228,Mild
15677538,0.20656098963724043,Mild
15689341,0.20631990927531457,Mild
15581198,0.20614345606560036,Mild
15772528,0.20604367191050085,Mild
15607629,0.2059322517346227,Mild
15694288,0.20586503722564745,Mild
15696637,0.20584933626613225,Mild
15648577,0.20560923597122388,Mild
15611729,0.2055757260295163,Mild
15765461,0.20546917427259098,Mild
15814040,0.20526838657457125,Mild
15672447,0.20517177768811795,Mild
15595713,0.20474652674821786,Mild
15721582,0.20465012687973652,Mild
15680918,0.20450728503709567,Mild
15605447,0.2045040307443841,Mild
15630413,0.20446364629823502,Mild
15642515,0.2042687930813107,Mild
15749489,0.20384411747735273,Mild
15705383,0.2035730421163356,Mild
15625929,0.20356113513959598,Mild
15588350,0.20354303779145708,Mild
15648681,0.20352522168216722,Mild
15680421,0.20350508679728338,Mild
15724296,0.20335120196217432,Mild
15575581,0.2031606916153982,Mild
15569410,0.20310382547427633,Mild
15666332,0.20289894610288806,Mild
15639322,0.20279943408497864,Mild
15666633,0.20268067853985597,Mild
15596165,0.20253800847779294,Mild
15680855,0.20213858476080163,Mild
15732704,0.2020217890092292,Mild
15798824,0.20196995438286047,Mild
15745452,0.20196080793635904,Mild
15585427,0.20191561685518017,Mild
15585192,0.20183966781313842,Mild
15642394,0.20165428893932383,Mild
15755178,0.20136477900310631,Mild
15666163,0.20131271891819166,Mild
15790299,0.20094462185109568,Mild
15773520,0.20093476552446324,Mild
15773868,0.2009082644069938,Mild
15580203,0.20089209516721285,Mild
15576216,0.20087967230809642,Mild
15773039,0.2008540602723465,Mild
15788126,0.20075940818725246,Mild
15744770,0.2007200094376778,Mild
15625881,0.20061986006802143,Mild
15757661,0.20052857043394776,Mild
15660385,0.20049875168620168,Mild
15672056,0.20023408803093184,Mild
15713774,0.20022889153065715,Mild
15735968,0.20017653855225803,Mild
15704581,0.19989475469183834,Low
15730076,0.19985793996133192,Low
15785542,0.19963686261955216,Low
15745716,0.19955842397064463,Low
15587266,0.19950983715845558,Low
15648794,0.19950897517264854,Low
15778696,0.19943920962463635,Low
15625395,0.19933583009979858,Low
15809265,0.19901130311177262,Low
15589030,0.19892406158323828,Low
15606472,0.19885275626957424,Low
15807900,0.19868031004419018,Low
15692443,0.19867209460889576,Low
15638424,0.19861813110373788,Low
15623668,0.19850955281398489,Low
15632882,0.19849273149561733,Low
15741693,0.19849093494387182,Low
15793896,0.19841185616071816,Low
15782802,0.19840960043312453,Low
15723989,0.19836917368005977,Low
15636069,0.1982974325241821,Low
15749807,0.19828939473680068,Low
15777855,0.1981924564173346,Low
15598846,0.1981455856979681,Low
15665766,0.19812971623990228,Low
15637979,0.197962613940496,Low
15804516,0.1978649684361719,Low
15711759,0.1975913476527594,Low
15687903,0.1974549141339628,Low
15634602,0.19737912372892186,Low
15696287,0.19736956952131895,Low
15644179,0.1973502115017741,Low
15677871,0.1972823785818416,Low
15649423,0.19720881848452176,Low
15701376,0.1971619929307132,Low
15707637,0.1970329209090238,Low
15702337,0.19696972475947594,Low
15591130,0.19675124316519926,Low
15780716,0.1967367711918884,Low
15726313,0.19643896347707235,Low
15728012,0.19614385138160703,Low
15700752,0.19608044517219383,Low
15798943,0.1957913899713454,Low
15661745,0.19574010768678618,Low
15753969,0.19565084823449994,Low
15678886,0.1954561362109007,Low
15745621,0.19541230762792364,Low
15647453,0.1953369749925622,Low
15665811,0.1952861227166024,Low
15694566,0.19496655492887474,Low
15667392,0.19478904645217487,Low
15691823,0.19446843471827316,Low
15572408,0.1944455840723512,Low
15642468,0.194305046089876,Low
15680683,0.19426705723586873,Low
15644882,0.19413900225733363,Low
15632538,0.19410949596415583,Low
15812750,0.19363884961646122,Low
15775562,0.19356999644198356,Low
15707189,0.1935144505883283,Low
15751531,0.19292443619147195,Low
15701741,0.19291851023393958,Low
15656454,0.19291676843812264,Low
15626882,0.19288954250634807,Low
15743617,0.19278410694647524,Low
15740470,0.19264494731186688,Low
15721937,0.19261491399910483,Low
15641733,0.1923899299979371,Low
15774133,0.19235078514020829,Low
15808849,0.19228420362430348,Low
15636658,0.19227029140248655,Low
15634936,0.19222481312126122,Low
15739189,0.19205191232505978,Low
15795895,0.19199342406820719,Low
15658195,0.1919361979052443,Low
15634281,0.19191915734535217,Low
15743976,0.1918683168556116,Low
15708265,0.19181790853020247,Low
15736963,0.19178349085942617,Low
15680436,0.19168901563039048,Low
15625716,0.19167438616630264,Low
15727467,0.19164897992351318,Low
15771211,0.1915909994091881,Low
15688963,0.19158449426074098,Low
15714575,0.19146437641282202,Low
15760825,0.19140931882077625,Low
15750671,0.19137823304749407,Low
15710390,0.19128160878407696,Low
15713621,0.19125020226469133,Low
15582116,0.1911849721856562,Low
15689612,0.19117418998309296,Low
15568025,0.19116915912237287,Low
15706463,0.19111483295592702,Low
15699634,0.1910642773543976,Low
15771483,0.19105869839431894,Low
15787848,0.190914155092278,Low
15783477,0.19049949006059064,Low
15796834,0.19047550774518074,Low
15588446,0.19042993145756482,Low
15733234,0.1903399370038916,Low
15792305,0.1902853335138547,Low
15725997,0.19024090740119712,Low
15576196,0.19000108873887644,Low
15655335,0.18994692867703372,Low
15684181,0.18990003174259532,Low
15807107,0.18986958597740525,Low
15576077,0.18982916420395138,Low
15626414,0.1896900722136849,Low
15718057,0.18955640622855058,Low
15702464,0.18953682747940037,Low
15762138,0.18944616473221768,Low
15654346,0.18932022077908586,Low
15749583,0.18931775053582237,Low
15708791,0.1892438798160509,Low
15766378,0.1891884813326528,Low
15601351,0.18917194081111238,Low
15716994,0.18903497757883006,Low
15777616,0.18902031219012985,Low
15589431,0.18866316647638157,Low
15802857,0.18864680334957903,Low
15661626,0.18862712184536634,Low
15793854,0.18858201715839085,Low
15638983,0.18842957837298635,Low
15668058,0.18839089740514434,Low
15566091,0.18826236151958922,Low
15640580,0.18818031843531696,Low
15766609,0.1880841820431666,Low
15621768,0.18800191358291585,Low
15740345,0.18794367010265806,Low
15775546,0.18766442596276092,Low
15784844,0.18762756741170375,Low
15625545,0.18760868175612522,Low
15650098,0.18756319416386186,Low
15747807,0.18748565088590735,Low
15602909,0.18725751362283588,Low
15797113,0.18712694152997955,Low
15683375,0.18702212659212863,Low
15621546,0.18682356855159524,Low
15682273,0.18681735316909653,Low
15800856,0.18672226314437468,Low
15600510,0.1864936884516473,Low
15650351,0.18634627098821552,Low
15579130,0.18625882171016764,Low
15580149,0.18623911413565616,Low
15788291,0.18620483590214196,Low
15656029,0.18607627890549405,Low
15753837,0.18606059784919976,Low
15810010,0.18604226197663148,Low
15768600,0.18602178142124534,Low
15715414,0.18580298002995566,Low
15810716,0.1857899308094494,Low
15704378,0.18574533683621064,Low
15713769,0.18546365950973057,Low
15746341,0.18546270588833447,Low
15797595,0.1852699431898583,Low
15679587,0.1852330156608121,Low
15605275,0.1849366938009721,Low
15727499,0.18493194671322388,Low
15575247,0.18492197078347444,Low
15633419,0.18488056008795786,Low
15699467,0.1848241435983639,Low
15612627,0.1847630186022475,Low
15779182,0.18449923094106527,Low
15801473,0.1844941550458484,Low
15583394,0.184369083644651,Low
15736271,0.18403563546260965,Low
15687607,0.1838840270739099,Low
15686242,0.18385780608106514,Low
15774402,0.1837330534122001,Low
15583680,0.1834556639646728,Low
15575410,0.18319734308763555,Low
15621423,0.1830753205591063,Low
15645839,0.1829938707942742,Low
15785350,0.18290878986720066,Low
15800229,0.18279963320095127,Low
15778463,0.18271121909432475,Low
15731281,0.1825555272804748,Low
15770041,0.18240467438636065,Low
15803886,0.18235605043654582,Low
15731026,0.1822351197056622,Low
15753847,0.182108965412104,Low
15664035,0.18175932241349715,Low
15773792,0.18142721221775232,Low
15719778,0.1813512240262076,Low
15634245,0.18131052752275043,Low
15673529,0.18125999256564815,Low
15810944,0.18096791502792103,Low
15652626,0.18083789841428263,Low
15691287,0.1807109554863782,Low
15706199,0.18069901429926663,Low
15688619,0.18063150028547362,Low
15782311,0.18057162682793604,Low
15627848,0.18031199632787057,Low
15627262,0.18031052831522126,Low
15671334,0.18028811301467756,Low
15734634,0.18026686847606246,Low
15774224,0.18021992269220063,Low
15691170,0.18001754797529426,Low
15710375,0.17996188856887196,Low
15594878,0.17991620869884103,Low
15671209,0.1795764408224838,Low
15753831,0.1792361352621155,Low
15794549,0.179225106375546,Low
15609676,0.17917230748911664,Low
15622478,0.17906733923056734,Low
15575486,0.17904770340728432,Low
15638355,0.17898938570635758,Low
15813917,0.17895688880923072,Low
15637876,0.1788434579176941,Low
15657349,0.17881502020224654,Low
15629739,0.1787887648764421,Low
15812616,0.17877279030213336,Low
15761775,0.17876651858017414,Low
15574584,0.17870439336068628,Low
15810723,0.1785734855819779,Low
15789548,0.1784569259273917,Low
15732903,0.17843029491371706,Low
15706186,0.17826578662385772,Low
15799480,0.17819810985047302,Low
15623560,0.1781377895483411,Low
15755018,0.1781357038277081,Low
15630704,0.17812895525515765,Low
15581893,0.17807987169382686,Low
15723216,0.177823453611095,Low
15775880,0.17761700053133775,Low
15800295,0.1775976767832969,Low
15656829,0.17749901056119757,Low
15748696,0.17749527243999735,Low
15763460,0.17743596918410245,Low
15624667,0.17740285425076074,Low
15753370,0.17736393035872838,Low
15742028,0.1772481950608104,Low
15675964,0.17716386827864877,Low
15620735,0.1770489641129001,Low
15718921,0.17700776418269515,Low
15812073,0.1769551870936637,Low
15731478,0.17694883578624537,Low
15801417,0.17694143010366334,Low
15575619,0.17693720094151766,Low
15812422,0.17652655740233475,Low
15605036,0.17647162404987302,Low
15783029,0.17645071311138114,Low
15785547,0.17633724426723393,Low
15694395,0.17617632574630215,Low
15603582,0.17598121617693827,Low
15674000,0.1758044817221497,Low
15673084,0.17556649247853817,Low
15785611,0.17555862488639798,Low
15575510,0.17547112520578376,Low
15779913,0.1752619003765165,Low
15693817,0.17520515329783484,Low
15689176,0.17513878904867233,Low
15652658,0.1751021985367874,Low
15630910,0.17508531443345607,Low
15683522,0.17503333443661076,Low
15666453,0.17498301607322891,Low
15599268,0.17492488207469045,Low
15750258,0.1746601524591345,Low
15730488,0.17452267150280104,Low
15603156,0.17443586702165045,Low
15583748,0.1744086759642657,Low
15813718,0.17440731753805563,Low
15703544,0.17438773847948713,Low
15763704,0.1742794823977869,Low
15745324,0.17424344216328244,Low
15591169,0.1741829162356795,Low
15749177,0.17410662507707045,Low
15658169,0.17403886190240597,Low
15602043,0.17390623171879097,Low
15614878,0.1737720446198351,Low
15733661,0.17370705196207667,Low
15721921,0.1736678080788466,Low
15619972,0.1732649581602672,Low
15743478,0.17299925700212734,Low
15607330,0.17288168779508845,Low
15589401,0.17260799818188866,Low
15634262,0.17253959531234822,Low
15610140,0.1724319177755263,Low
15626679,0.1723820026769396,Low
15613656,0.17237719189196785,Low
15784923,0.17213168206021795,Low
15725429,0.1719154090833941,Low
15633378,0.1719015152421209,Low
15577683,0.17186834004756946,Low
15612092,0.17186260585002108,Low
15587013,0.171686408536379,Low
15626948,0.1714303066769325,Low
15626135,0.17126555350772468,Low
15706904,0.17108298669705221,Low
15793856,0.17077579881008478,Low
15646726,0.17073111813415953,Low
15720968,0.17043734508711075,Low
15702190,0.1704092116366128,Low
15576615,0.17035198314611905,Low
15618695,0.17016758760372647,Low
15587573,0.1701662110006938,Low
15674727,0.1699895730183165,Low
15601848,0.16985166308309566,Low
15719352,0.16966851316602338,Low
15699294,0.16966402126711633,Low
15775430,0.16937398162777476,Low
15693088,0.16935762724971645,Low
15612615,0.16919600588365477,Low
15773277,0.16909833375425362,Low
15781127,0.16908793089029447,Low
15778947,0.16900459325447106,Low
15674148,0.16894607789056723,Low
15627412,0.16886880909031446,Low
15678067,0.1686777495203641,Low
15649183,0.16856594106753575,Low
15714970,0.16854275062791352,Low
15625126,0.1685335993953231,Low
15667944,0.16850781088105524,Low
15769980,0.1684700705087276,Low
15577806,0.16842123272616027,Low
15591711,0.168330761628987,Low
15579334,0.16828891349531933,Low
15580043,0.16826609752138996,Low
15581282,0.16825422032354945,Low
15641114,0.1681958042632174,Low
15679200,0.16818151546599203,Low
15636673,0.16814652644873274,Low
15716822,0.16801602018848039,Low
15643378,0.16795028023021893,Low
15704651,0.16786231067616417,Low
15641782,0.16780387760517468,Low
15674851,0.16760059177099462,Low
15750121,0.16753142152985498,Low
15630321,0.1673693671583623,Low
15648367,0.16731183806660346,Low
15790322,0.16723222195389836,Low
15679991,0.16719955820071492,Low
15721433,0.167112667674263,Low
15736656,0.1671018506147559,Low
15593094,0.1670386466496796,Low
15756425,0.1669881562833789,Low
15572777,0.16696063747445958,Low
15694805,0.1668459219035288,Low
15583067,0.16680656612078876,Low
15803764,0.16659687664716336,Low
15720943,0.16651630613743482,Low
15695034,0.16649802189006044,Low
15799631,0.1664201338535585,Low
15793197,0.16637683513124216,Low
15716800,0.16635544794894352,Low
15705707,0.16634374146994352,Low
15713532,0.166335038252562,Low
15683339,0.16630295302930112,Low
15751167,0.16625941715174078,Low
15637947,0.16616420488042688,Low
15664860,0.165972440696632,Low
15743759,0.16592073284495515,Low
15670528,0.16589127565038214,Low
15797475,0.1657914523176389,Low
15786905,0.16561037118447478,Low
15668594,0.16550448548381308,Low
15788151,0.165346129920726,Low
15703728,0.16524291623920428,Low
15626710,0.16521915326647957,Low
15696361,0.1651504811165392,Low
15576623,0.16493655108514615,Low
15654211,0.164626948825848,Low
15654106,0.16457142991931842,Low
15596379,0.1642460018226326,Low
15644297,0.16423932448525982,Low
15751524,0.1641927139633564,Low
15728829,0.16402073309689572,Low
15598175,0.1639955655394922,Low
15746805,0.1639438210851081,Low
15742297,0.16387182876250156,Low
15603741,0.16379654528849352,Low
15798960,0.16366391624568088,Low
15686885,0.1636437331224262,Low
15698932,0.16351763879770467,Low
15596493,0.16351632346662753,Low
15588622,0.1634262149243041,Low
15641582,0.16339557379078884,Low
15761453,0.16336879301311558,Low
15790314,0.16333540843856606,Low
15626485,0.16316147506099893,Low
15593897,0.16301071963642708,Low
15641850,0.16290135737437295,Low
15640855,0.16272206305837128,Low
15752139,0.16259122432430967,Low
15594404,0.1624774385133911,Low
15636731,0.16247197830686566,Low
15583668,0.16242117776379975,Low
15710105,0.1623914057506444,Low
15621353,0.162069226499365,Low
15681758,0.16203818396858366,Low
15720847,0.1620194088681625,Low
15749679,0.16199109057230018,Low
15586135,0.16162076804041337,Low
15616529,0.16150776275373346,Low
15791877,0.16150408354973156,Low
15602034,0.16126133429272702,Low
15573741,0.16119072027257333,Low
15568120,0.16106973136003064,Low
15605375,0.16100087924269682,Low
15807120,0.1609959015015896,Low
15752047,0.1609607516089843,Low
15688563,0.16095044965932753,Low
15815628,0.16089383535415813,Low
15649738,0.1607040120345715,Low
15659501,0.16059031539882757,Low
15799652,0.16054491636909438,Low
15642041,0.16046275686628386,Low
15753161,0.16029892383650246,Low
15797710,0.1602479397837748,Low
15665238,0.16020648763133916,Low
15685476,0.16018197354440228,Low
15779862,0.16010331231009742,Low
15627305,0.1600378794373204,Low
15626628,0.15999660975397634,Low
15785920,0.1599635139172591,Low
15585198,0.15984043579563942,Low
15775153,0.15970374115870037,Low
15798470,0.15921620185739468,Low
15623450,0.15917285311308133,Low
15748481,0.15912203815266135,Low
15790336,0.15890911103716504,Low
15696373,0.1587450943767134,Low
15605827,0.1587157113334349,Low
15775797,0.15860230903526468,Low
15781710,0.1585905799510522,Low
15776939,0.15798330552221063,Low
15668347,0.15780831347262944,Low
15784097,0.15751825733037644,Low
15590337,0.15749778154676713,Low
15794159,0.1572114996250051,Low
15772896,0.15717718222879182,Low
15795488,0.15706205121107905,Low
15580701,0.15703665071890766,Low
15810732,0.1570280870119374,Low
15585855,0.15700894433609872,Low
15585067,0.15700429507271968,Low
15770121,0.1569937738371702,Low
15583681,0.15676170568087516,Low
15778959,0.15674279886691622,Low
15714610,0.15670242016655903,Low
15737977,0.15651056555480652,Low
15657778,0.15647058345530143,Low
15751549,0.15644023617018424,Low
15810454,0.15638926833574826,Low
15762927,0.15637817820411157,Low
15701176,0.15635579070728817,Low
15617029,0.1561940315048908,Low
15589257,0.1559846791837001,Low
15611579,0.15590489130392646,Low
15734609,0.15584768406489627,Low
15577905,0.15572286695825455,Low
15693259,0.15568551622280147,Low
15758836,0.15548494592720716,Low
15780514,0.1554694736284634,Low
15716608,0.1553190801463688,Low
15637354,0.15531862337660657,Low
15572093,0.1551290333000731,Low
15587451,0.15496166051994384,Low
15679966,0.15488503464804187,Low
15732307,0.15487066035629565,Low
15633950,0.15456115547833163,Low
15631460,0.15449652508212702,Low
15598840,0.1543960733522154,Low
15697129,0.15430902750126518,Low
15624892,0.15422580835526048,Low
15813444,0.1541921308525299,Low
15801169,0.1541717227146036,Low
15730735,0.15413694590568577,Low
15625141,0.15388253651601158,Low
15593973,0.1537251725480839,Low
15790379,0.1536978925388411,Low
15748856,0.15357267137903663,Low
15669491,0.1533021050796202,Low
15697183,0.1532999305388838,Low
15570943,0.15302297646626056,Low
15760216,0.15290626265469243,Low
15737910,0.15284389910180982,Low
15778694,0.15279813633247438,Low
15694237,0.1527569258263945,Low
15760521,0.15265991563948367,Low
15698953,0.1525614527770055,Low
15572461,0.1523577279217992,Low
15641250,0.1523521130504805,Low
15574608,0.15202951084409946,Low
15641604,0.15198398289991422,Low
15652674,0.15188894607478992,Low
15659355,0.15184257818439212,Low
15635034,0.15173920235091098,Low
15734626,0.1517123415332663,Low
15726931,0.1516545780142201,Low
15797692,0.15134486665280472,Low
15601796,0.15132627222723782,Low
15642099,0.1513037284307669,Low
15609987,0.15127215677127212,Low
15679909,0.15106158707659437,Low
15629846,0.15093577995475013,Low
15708063,0.1507643337982571,Low
15779586,0.15045901552949023,Low
15734628,0.15038307580195076,Low
15684173,0.15015777436954564,Low
15804211,0.14964819377945218,Low
15574167,0.14941369210109598,Low
15781589,0.14938922374601565,Low
15602647,0.1492168130791537,Low
15724536,0.1490387470017216,Low
15787204,0.14894241127730828,Low
15793343,0.1487948560899861,Low
15694408,0.14874212705560677,Low
15629117,0.14863708079551172,Low
15674620,0.14853431359112415,Low
15694404,0.1482390550705587,Low
15596649,0.14821388337116068,Low
15650322,0.1481854453299679,Low
15672357,0.14805675332168095,Low
15805909,0.14803001558459306,Low
15657085,0.14785628663767517,Low
15720893,0.14767687305639715,Low
15741416,0.14764322982453837,Low
15797204,0.1475986280180543,Low
15599535,0.14750203014395488,Low
15789425,0.14745333533289917,Low
15661548,0.14742829223229212,Low
15617434,0.14738133422846417,Low
15763431,0.14735508803380498,Low
15775662,0.14735270356684518,Low
15666252,0.14728916258441452,Low
15659305,0.14726402101435007,Low
15695475,0.14726379409227436,Low
15669410,0.14702530744130124,Low
15621629,0.1468304786882136,Low
15611961,0.14665805525296366,Low
15807837,0.14640361946805447,Low
15686812,0.1462095679196171,Low
15717231,0.14616563560439733,Low
15600991,0.14610752609498537,Low
15733169,0.1459774514261149,Low
15769948,0.14590955189274352,Low
15779529,0.14590520852147537,Low
15741429,0.1459046019593609,Low
15682467,0.14583441391887034,Low
15805565,0.14581212808593078,Low
15815097,0.1457710363922034,Low
15583462,0.14571587249947593,Low
15735878,0.14567120933347832,Low
15623478,0.14565757992890183,Low
15713479,0.14551096207900477,Low
15626612,0.145461376459494,Low
15702601,0.14541495583489597,Low
15807457,0.14522272766310204,Low
15807294,0.1452026845086863,Low
15779973,0.1450787925613162,Low
15657535,0.14503704581597485,Low
15778287,0.14501844777227926,Low
15644896,0.14484299618326557,Low
15700353,0.1448006956520572,Low
15763662,0.14479789511749244,Low
15691874,0.14466975838872312,Low
15683157,0.14466771975647838,Low
15606507,0.1446627833501124,Low
15585280,0.14421975958572597,Low
15665802,0.14414776973751406,Low
15605684,0.14404103530888532,Low
15616431,0.143916572067933,Low
15652180,0.1438888108376762,Low
15638247,0.14364860830983528,Low
15783026,0.14358913629505193,Low
15786643,0.14336767851718707,Low
15711991,0.1432760874936539,Low
15756901,0.1431390153105478,Low
15761340,0.14310298545822814,Low
15576131,0.14291219580860887,Low
15799964,0.1428738645098747,Low
15762392,0.14287303630935147,Low
15773273,0.14285874623388575,Low
15658982,0.14283043283059654,Low
15789924,0.1428150552232625,Low
15757648,0.1427571753998685,Low
15588918,0.14270421035342867,Low
15646521,0.14268195695024072,Low
15815259,0.1426796270349331,Low
15667632,0.14264650906386434,Low
15688251,0.14263648948680174,Low
15579647,0.14253661356152103,Low
15782574,0.14251620368918125,Low
15771856,0.1425097517591627,Low
15760456,0.14246065304615751,Low
15686964,0.14238868009400996,Low
15777826,0.14224946744129247,Low
15704819,0.14217686344743186,Low
15613886,0.14194958443590625,Low
15582841,0.14192616961839036,Low
15776629,0.14168329691414566,Low
15801441,0.1415987652363171,Low
15794472,0.14142847062242653,Low
15746995,0.14121949059668656,Low
15736495,0.1412194550117924,Low
15707488,0.14119693540492795,Low
15679283,0.14112335336651863,Low
15599004,0.14098808535738333,Low
15740160,0.14092269331486867,Low
15699797,0.14081739593657958,Low
15738721,0.14049789984828354,Low
15702631,0.14046326180705523,Low
15672821,0.14044683500235455,Low
15713890,0.1404370129631349,Low
15765487,0.14012955999014665,Low
15732265,0.14010040900880324,Low
15754084,0.14005736522109924,Low
15590888,0.1400196176032515,Low
15650034,0.1398633020613438,Low
15805627,0.13979117177274883,Low
15801701,0.13959525023563701,Low
15747000,0.13950076926701158,Low
15755196,0.13941001799896255,Low
15704788,0.13939908395643522,Low
15671032,0.13935419822506914,Low
15716501,0.13934585986570416,Low
15726695,0.13917279625364795,Low
15792565,0.13905790016053013,Low
15723013,0.1387904290657915,Low
15803337,0.13876915207901902,Low
15790958,0.1385764705777031,Low
15783025,0.13856462069111233,Low
15699389,0.1383308544677124,Low
15791342,0.13812657048971147,Low
15659366,0.13799572353300485,Low
15574372,0.13787012479977612,Low
15783501,0.13782170440373687,Low
15590344,0.13780553759963868,Low
15724251,0.1376384905468161,Low
15591932,0.1376150611467585,Low
15576945,0.13753756724715868,Low
15780256,0.13749154684787893,Low
15807909,0.13738756020702045,Low
15815660,0.13724673412268132,Low
15707138,0.13721375560551524,Low
15726354,0.13720741319245808,Low
15797065,0.13719477318034334,Low
15713637,0.13714400194239315,Low
15758755,0.13672882168611133,Low
15612465,0.13666723188777516,Low
15610557,0.13664992172023382,Low
15596414,0.13627422887408078,Low
15595162,0.13623287987416663,Low
15668142,0.13620351069437842,Low
15780215,0.1361988914681307,Low
15740147,0.13607473557817945,Low
15574743,0.1359635531345306,Low
15628936,0.1358263465267579,Low
15744295,0.1358209407582709,Low
15597265,0.13573800288055793,Low
15578515,0.13557253042229486,Low
15578238,0.13547192051877582,Low
15689692,0.1351610277919922,Low
15736299,0.13515570838689897,Low
15669342,0.13507731748315574,Low
15714256,0.13506608494900146,Low
15730540,0.1349352833992611,Low
15726167,0.13471656364157783,Low
15722473,0.1347165618994777,Low
15697625,0.13471404596552428,Low
15662021,0.13470144654248253,Low
15618363,0.13468811434460395,Low
15743075,0.1345393324847524,Low
15717643,0.13452849530710637,Low
15769582,0.13448804463036473,Low
15797822,0.13440117709721247,Low
15711249,0.13439131593734488,Low
15666200,0.13437531776720615,Low
15801821,0.1343539173165944,Low
15652218,0.13419447597543135,Low
15751336,0.13398106802906476,Low
15713160,0.13389807582529684,Low
15673747,0.13351495349789955,Low
15767954,0.13327721167247822,Low
15636396,0.13290223835814582,Low
15711733,0.13284750336697837,Low
15630349,0.1326341664206301,Low
15699340,0.1326297960300438,Low
15591279,0.1324941706476601,Low
15672905,0.1324822682535124,Low
15781702,0.13239613506637,Low
15632050,0.1323707870938123,Low
15767231,0.13234696016425457,Low
15719579,0.1322058080697247,Low
15803526,0.13210424925651013,Low
15752588,0.13207867922980734,Low
15680234,0.1319220246874574,Low
15576111,0.1319135352871639,Low
15724563,0.13183310002739285,Low
15778515,0.13170181409802295,Low
15645271,0.13153827542906207,Low
15782899,0.13152073791361518,Low
15588235,0.13149709384386654,Low
15566894,0.13149435046647218,Low
15796721,0.13148096947237717,Low
15789865,0.13146944724685217,Low
15748231,0.1312388073300857,Low
15685226,0.13122387955865827,Low
15751057,0.13122099616093696,Low
15680141,0.13115931240785778,Low
15724466,0.13107359290861798,Low
15594815,0.13099297017372494,Low
15582404,0.1309833322141287,Low
15621004,0.13088654605696495,Low
15619955,0.13085073592178437,Low
15709941,0.13062280200963525,Low
15600992,0.13061663644805663,Low
15679733,0.1304167123321077,Low
15670066,0.13022517096472458,Low
15707505,0.13013256250109687,Low
15599860,0.13011639955042587,Low
15628007,0.12984328399724232,Low
15726855,0.1294860825167969,Low
15805162,0.12939589892689637,Low
15707025,0.12930316877304207,Low
15737194,0.12928594770205645,Low
15569423,0.12926856525274,Low
15569682,0.12912700603042823,Low
15783444,0.12899837155288252,Low
15773949,0.128911987049178,Low
15707473,0.12890057683111156,Low
15713483,0.12868647338303232,Low
15718106,0.12856990692994716,Low
15777504,0.12851079168301932,Low
15691483,0.12850473817987748,Low
15695679,0.12838190994492515,Low
15642833,0.12838073350307191,Low
15794870,0.1283213057143735,Low
15652192,0.12811223365528052,Low
15571550,0.12800453637647638,Low
15736250,0.12793872333842368,Low
15685997,0.12793053123864576,Low
15683471,0.12782624444196217,Low
15747724,0.12777564797023996,Low
15803804,0.12775654318449228,Low
15705620,0.1277506669356807,Low
15603035,0.12771840512660096,Low
15619130,0.12757492399306705,Low
15788025,0.12746872157179134,Low
15738063,0.12736392906841107,Low
15641110,0.12735511857719325,Low
15645942,0.1273312194450728,Low
15804038,0.12705412442680905,Low
15606552,0.12693511873037716,Low
15769125,0.12688796121488893,Low
15758031,0.12669517277122827,Low
15598088,0.12662049593593214,Low
15584156,0.12661849147049703,Low
15796071,0.12638465552634232,Low
15714567,0.12619395402483624,Low
15685320,0.12612844808010995,Low
15773242,0.12590632296819784,Low
15682268,0.12587938304457158,Low
15767804,0.1257954269225141,Low
15702145,0.12551954080338273,Low
15730418,0.12538119192716307,Low
15723827,0.12525323366691316,Low
15648030,0.12481473643217642,Low
15609928,0.1247888468289856,Low
15763798,0.12468304324390583,Low
15737971,0.12441832220074674,Low
15694321,0.12436623406527969,Low
15794345,0.12430760233688376,Low
15592979,0.12416478096801718,Low
15715297,0.12407941257659295,Low
15613085,0.12403630749526742,Low
15733261,0.12356944645038166,Low
15779904,0.1234047891468609,Low
15592531,0.12339440292628784,Low
15640648,0.12333788187831227,Low
15673591,0.12314982026223063,Low
15795458,0.12296521543118717,Low
15668830,0.12295363003176292,Low
15600912,0.12289695310018305,Low
15664543,0.12271797051761446,Low
15739357,0.12266264258767043,Low
15585734,0.12258565379802189,Low
15698786,0.12258342931018294,Low
15696277,0.12243170994887101,Low
15758073,0.12240737431469048,Low
15784000,0.1222480080790862,Low
15755239,0.12224532856102523,Low
15620000,0.12209211125292206,Low
15712543,0.1220273489021958,Low
15716324,0.12199894899498002,Low
15657566,0.12188614136135988,Low
15807768,0.1216072568385047,Low
15749851,0.12153787487077164,Low
15654870,0.12138362366468869,Low
15756026,0.12132250035795714,Low
15787151,0.12109277202676778,Low
15622774,0.1210476209306302,Low
15740494,0.12099713524216892,Low
15610426,0.1209764790232916,Low
15599289,0.12088471014880808,Low
15602030,0.12064859959233248,Low
15809509,0.12058225526350229,Low
15691627,0.12026092450543979,Low
15585455,0.12019861529740464,Low
15730868,0.12010135097352215,Low
15702571,0.1198929983148711,Low
15736069,0.11978425462990742,Low
15648735,0.1196246114082391,Low
15645772,0.11959955167012931,Low
15689492,0.11959136249389735,Low
15634632,0.11948125599517073,Low
15658980,0.1191699724419924,Low
15709135,0.11911416264350952,Low
15570912,0.11910882585361655,Low
15809320,0.11898820994451494,Low
15595874,0.11892742555705303,Low
15798521,0.11870678452376013,Low
15809462,0.11863350369110474,Low
15598782,0.11855294327128046,Low
15577018,0.11849631400481579,Low
15646161,0.11846172161617495,Low
15795564,0.11839635800677699,Low
15669204,0.11825805419962894,Low
15605835,0.11818553047640812,Low
15669282,0.11812881613745048,Low
15594898,0.11804652754749466,Low
15796343,0.11803499596774081,Low
15694409,0.11796975032531895,Low
15725311,0.11791547548704683,Low
15680643,0.11768901677659552,Low
15607142,0.11731842435840241,Low
15800326,0.11729271273009902,Low
15744913,0.1172756340283247,Low
15809302,0.11723095626622893,Low
15776467,0.11719826580635068,Low
15611157,0.11704925925529318,Low
15659364,0.11660553082562758,Low
15797964,0.11657515489466987,Low
15660271,0.1165114934223416,Low
15710421,0.11644160190803848,Low
15580912,0.11634563358758646,Low
15673693,0.11623978211857156,Low
15743709,0.11594237397489757,Low
15750396,0.11588617783815561,Low
15636423,0.11586727257780938,Low
15692931,0.11553662945128115,Low
15804256,0.1155102392189771,Low
15760121,0.11532135233154253,Low
15680685,0.11529503843200184,Low
15806956,0.11525718196284243,Low
15634968,0.11522932622711489,Low
15725039,0.11512956126993557,Low
15739514,0.11509571510111051,Low
15762937,0.11507156423303001,Low
15684419,0.11497578400378342,Low
15611409,0.11497096205155512,Low
15726676,0.11496394724917003,Low
15701524,0.11488395651736268,Low
15811842,0.11486167521351225,Low
15746190,0.11482541922923493,Low
15768072,0.11478407573295166,Low
15674442,0.11478388316032218,Low
15683892,0.1146029921931284,Low
15599410,0.1145690984532039,Low
15617301,0.11452460892248194,Low
15570205,0.11438656793209699,Low
15569222,0.1141921037427932,Low
15784445,0.11415755939429255,Low
15697283,0.11403162863366595,Low
15678720,0.11401943489931063,Low
15698816,0.11395922532465916,Low
15761525,0.1137903039069696,Low
15750839,0.1136969590473225,Low
15703394,0.11359009000244595,Low
15720662,0.1135773118849713,Low
15658360,0.11348969617670704,Low
15647207,0.11348765721300204,Low
15672930,0.11333552455593375,Low
15750649,0.11332123967216519,Low
15585036,0.11332085093895175,Low
15757425,0.11309961096604153,Low
15762573,0.11302334833900436,Low
15572051,0.11297897503499134,Low
15762799,0.1128275566167091,Low
15697606,0.11269534800219913,Low
15583724,0.11225120754612813,Low
15751131,0.1120478874629828,Low
15633525,0.11187304359626048,Low
15804064,0.11179885547146248,Low
15661526,0.11170997306418783,Low
15704586,0.11168768567203785,Low
15808544,0.11164444041243918,Low
15680046,0.11160013283075827,Low
15685872,0.1115291829038203,Low
15758685,0.1114131284668128,Low
15572294,0.11121523660730288,Low
15786993,0.11113277098197592,Low
15623521,0.11094567379943454,Low
15692991,0.11091777589623504,Low
15644765,0.1108652461776991,Low
15595640,0.11075031747844763,Low
15637324,0.1104210974614506,Low
15661290,0.11022419634270295,Low
15717770,0.11015594328122427,Low
15799384,0.11015570638889735,Low
15770498,0.10962718640450297,Low
15622003,0.10952343256474444,Low
15693347,0.10951988221295245,Low
15721292,0.10938683052020953,Low
15769902,0.10929731002945804,Low
15727198,0.10927121637794546,Low
15729224,0.1092602318252037,Low
15749472,0.10908129070044364,Low
15794236,0.10839718534992022,Low
15585241,0.10833468060956172,Low
15788483,0.10831433379764521,Low
15726358,0.10825034668991626,Low
15764072,0.10819513334521311,Low
15582951,0.10818036208479967,Low
15709861,0.10800361077895161,Low
15671630,0.1079802105384779,Low
15756992,0.1079739456855836,Low
15602497,0.10785818474595837,Low
15742632,0.10755978564578725,Low
15572631,0.10720694217781773,Low
15797919,0.10708118814751681,Low
15669501,0.10670079268997758,Low
15679299,0.10668317576336896,Low
15780572,0.1066651916626993,Low
15628674,0.10660362327227649,Low
15790093,0.10642909763051553,Low
15658339,0.10641274522524045,Low
15780846,0.10619293384440816,Low
15769596,0.10602747324405042,Low
15652955,0.10598705152757934,Low
15743149,0.1058543871593566,Low
15754874,0.1057961716257652,Low
15642093,0.10545394861471118,Low
15633866,0.10525464160756084,Low
15798200,0.10509468229328146,Low
15805523,0.10507338977875827,Low
15695585,0.10471374577261416,Low
15596800,0.10441013230599767,Low
15573318,0.10431638602733716,Low
15711742,0.10430574353810554,Low
15780961,0.10423128479664842,Low
15680843,0.10411758770561988,Low
15781210,0.10404672349578152,Low
15720050,0.10400593642832857,Low
15686718,0.1038101771608282,Low
15745375,0.10375836357252086,Low
15567063,0.10372646111488076,Low
15760427,0.10366459931948402,Low
15757541,0.10364310173403765,Low
15757473,0.1034591015569162,Low
15793135,0.10345815578899226,Low
15660155,0.10334861549741649,Low
15764294,0.10331279133099282,Low
15578747,0.103271282917322,Low
15778192,0.10323892324655863,Low
15730460,0.10318452896057564,Low
15720774,0.10317918226292107,Low
15806327,0.10302798940375603,Low
15635775,0.10302382855433774,Low
15644446,0.10299361624572405,Low
15683053,0.1026761317563457,Low
15621974,0.10259914849612653,Low
15800268,0.1025425586163529,Low
15613282,0.10245014138388384,Low
15732672,0.10243092467065475,Low
15652540,0.10212104244900977,Low
15725002,0.1020603246987777,Low
15682834,0.10197858078213909,Low
15632899,0.10193043979684203,Low
15600280,0.10189944670396288,Low
15608956,0.10183846051050387,Low
15669301,0.10183541977139764,Low
15778320,0.10174372125995425,Low
15748995,0.10143976174145573,Low
15657321,0.1012439732715495,Low
15667602,0.10101990811010525,Low
15700394,0.10089900161262079,Low
15807563,0.10089024372986274,Low
15793901,0.10088716258463488,Low
15701412,0.10081545734117822,Low
15745030,0.10048420225132315,Low
15695932,0.10043018987333302,Low
15611580,0.10019870815836306,Low
15603925,0.10019727828391173,Low
15750264,0.10017570803749365,Low
15665629,0.10008820745444513,Low
15733616,0.10007738485667314,Low
15610416,0.09992034986832339,Low
15662533,0.09984278497425716,Low
15584620,0.09943390585484194,Low
15589361,0.09936357273343288,Low
15733119,0.09928043659885921,Low
15627185,0.09904561824953738,Low
15760063,0.09903061487403561,Low
15600997,0.09897537580948867,Low
15607065,0.09874566130637177,Low
15605037,0.0987008612231341,Low
15672237,0.09862065901810488,Low
15694879,0.09821603028000776,Low
15660688,0.09810315399674131,Low
15636407,0.09804706219891823,Low
15604818,0.09795036978814187,Low
15790564,0.09784969534606332,Low
15631739,0.09778958668227612,Low
15623357,0.09774174116648064,Low
15795149,0.09760884225995756,Low
15734917,0.0976084989531681,Low
15633922,0.09756851763402823,Low
15691624,0.09754867419000679,Low
15810347,0.09746306840213212,Low
15781975,0.09737157913873783,Low
15593683,0.09728901535380359,Low
15750335,0.097186746853299,Low
15752467,0.09717565186466574,Low
15743538,0.09710142526369268,Low
15644200,0.09709702952021293,Low
15678460,0.09704082098393253,Low
15710853,0.09699096767138936,Low
15674833,0.09691872698504486,Low
15812365,0.09681729870057297,Low
15603594,0.0968144903719025,Low
15711921,0.0967370180936331,Low
15656096,0.09660615267987767,Low
15699095,0.09650591505490834,Low
15729956,0.09649393973045861,Low
15592089,0.09649001135534468,Low
15791006,0.09643464969528852,Low
15781505,0.096350290128626,Low
15571144,0.0961287966199355,Low
15806771,0.09606121739079891,Low
15589018,0.09605017401914716,Low
15686913,0.09604791312425279,Low
15718216,0.09591089247576151,Low
15716155,0.09577723383051068,Low
15682421,0.09570712715016944,Low
15704466,0.09569662203697418,Low
15747960,0.09557005830729294,Low
15731586,0.09547542876641114,Low
15664759,0.09539047991849128,Low
15645621,0.09536587477730213,Low
15578788,0.09500611277716223,Low
15670496,0.09489609899287414,Low
15598044,0.0948089683625268,Low
15812611,0.09477976789508152,Low
15762123,0.09425136397712089,Low
15665062,0.094111311308589,Low
15754849,0.09401693658146938,Low
15583764,0.0940045273959633,Low
15768476,0.09387721120096867,Low
15719958,0.09377798591730194,Low
15649354,0.09369835487192277,Low
15681509,0.09339423034862718,Low
15738487,0.09337566010266374,Low
15631848,0.0932937407754154,Low
15747345,0.09322575492711445,Low
15650924,0.0928252794853586,Low
15745843,0.09262187410281225,Low
15601116,0.09244998480411015,Low
15698324,0.09232819020696,Low
15641585,0.09217097767133571,Low
15670345,0.09200577807225484,Low
15601030,0.09192697320006216,Low
15606229,0.09167975163820472,Low
15592854,0.09167614308733785,Low
15636589,0.09153196541967398,Low
15770554,0.09150168343395998,Low
15658485,0.09130995029939576,Low
15782236,0.09129805064677693,Low
15801395,0.09128408483548953,Low
15750497,0.09113213292720117,Low
15640280,0.09105871947916717,Low
15616555,0.09105556406738824,Low
15744105,0.09089476193923111,Low
15737778,0.09073569076088082,Low
15728362,0.09073427710962774,Low
15651369,0.09048474543960927,Low
15761364,0.09014328680491061,Low
15668943,0.09013542568473813,Low
15581525,0.09011957901166222,Low
15636388,0.09000724492496294,Low
15701522,0.09000031482017065,Low
15725660,0.08994878590441004,Low
15711750,0.0898738446089912,Low
15694581,0.08983554333458267,Low
15626985,0.08983132755706898,Low
15585907,0.08981172907353119,Low
15624374,0.08967153926851527,Low
15751203,0.08966186391832004,Low
15631054,0.08941367006192047,Low
15713983,0.08935902244922822,Low
15657105,0.08928103486586636,Low
15766906,0.08915520975631061,Low
15590730,0.0889303013974545,Low
15813327,0.08881109571652147,Low
15699195,0.08879835912209759,Low
15747927,0.08857788290394152,Low
15626898,0.08852008104645093,Low
15685150,0.08850873744064111,Low
15695078,0.08836780573576647,Low
15570086,0.0883214768220911,Low
15726796,0.08825735902531688,Low
15715510,0.08814351732292393,Low
15791836,0.087843217425078,Low
15599440,0.0875848311304628,Low
15637644,0.08750724167588152,Low
15791674,0.08745847271207559,Low
15759133,0.08731415025763263,Low
15713094,0.08727354873440704,Low
15775756,0.08715987773499742,Low
15646196,0.08711840780972929,Low
15799790,0.08703541079887071,Low
15774277,0.0867904217080546,Low
15625522,0.08670830427908469,Low
15690670,0.08668510567628303,Low
15680224,0.08638246393045225,Low
15761717,0.08629295072937447,Low
15719827,0.08626612478441802,Low
15687648,0.08610205861600656,Low
15613337,0.0860120518163249,Low
15741875,0.085946977611939,Low
15588123,0.08586313061270952,Low
15626452,0.08577426760560927,Low
15611338,0.08569998700644954,Low
15794566,0.08560440040491987,Low
15677804,0.08539728292519842,Low
15656717,0.08524177503370052,Low
15692259,0.08522004481383957,Low
15587735,0.08504301055811787,Low
15812007,0.08488440988310254,Low
15609804,0.08438391851246534,Low
15794253,0.08430013129306983,Low
15646563,0.08426685710468833,Low
15678497,0.08425347446355042,Low
15697567,0.08424753273406164,Low
15653448,0.0839110296371132,Low
15575748,0.08389453852109086,Low
15723654,0.08388799959330004,Low
15576990,0.08351897553176252,Low
15781689,0.08312161690797583,Low
15591179,0.08308435165326772,Low
15747854,0.08302521488267366,Low
15643359,0.08281896217596867,Low
15666173,0.08258284104160021,Low
15663885,0.0825143518463917,Low
15678333,0.08250859220348464,Low
15697702,0.08222829333312999,Low
15759317,0.08216472100362215,Low
15648951,0.08210902413337762,Low
15607347,0.08205955676211263,Low
15738220,0.08186542844338461,Low
15619626,0.08149363660503933,Low
15582149,0.08128153239651845,Low
15598275,0.08125810154190816,Low
15669490,0.08089612171072229,Low
15605673,0.08065267920402958,Low
15736879,0.08051513519178004,Low
15684103,0.0803851607595755,Low
15800215,0.08032285180699515,Low
15645029,0.08026876700011527,Low
15628008,0.0798978270500089,Low
15635367,0.07984338984992913,Low
15567333,0.07982160942040262,Low
15745295,0.07979996736535669,Low
15789379,0.07960900523218155,Low
15604482,0.07928241186306802,Low
15638803,0.07926995265418336,Low
15805261,0.07926642616816003,Low
15657317,0.07911272488494489,Low
15586821,0.07911170346889367,Low
15622494,0.07902364230922278,Low
15622370,0.07895841474988416,Low
15647800,0.07871207830957663,Low
15771535,0.07851574058658176,Low
15804602,0.07849248586223376,Low
15723658,0.07848709555793335,Low
15803840,0.0784422572663834,Low
15579915,0.07837008932259842,Low
15724269,0.0782614138169704,Low
15739548,0.07812727669695667,Low
15635893,0.0781238315013323,Low
15763665,0.07801411148755255,Low
15788920,0.07781345354456048,Low
15697035,0.07749749895213387,Low
15784301,0.07710815160682774,Low
15753229,0.07705229792368036,Low
15770030,0.07697567151763646,Low
15812197,0.07688989165854745,Low
15595221,0.07678192902967913,Low
15739997,0.07672217721105912,Low
15585595,0.0766154260683844,Low
15598536,0.07655544487265137,Low
15767432,0.07627939717065746,Low
15576680,0.076226699444424,Low
15659656,0.07609829634037474,Low
15766185,0.07588847361401894,Low
15720702,0.07581335110602658,Low
15576602,0.07555470268415221,Low
15766826,0.07549359508312377,Low
15567013,0.07541334272256875,Low
15604119,0.0753425859984807,Low
15644699,0.07504662427605858,Low
15659568,0.07501467937983299,Low
15638751,0.07449523561365211,Low
15713608,0.07440349072109816,Low
15641411,0.07401300493405376,Low
15796218,0.07375739130559882,Low
15770968,0.07361107190531424,Low
15659236,0.07357360616286777,Low
15689661,0.07285656605252058,Low
15609458,0.07264221668333679,Low
15734765,0.07253100216502557,Low
15732963,0.07248077160575259,Low
15749671,0.07242734755226274,Low
15765846,0.07237322155454504,Low
15710527,0.07236548370184362,Low
15644962,0.07194514498538027,Low
15629010,0.07194471150238181,Low
15741094,0.07157579709507526,Low
15712772,0.07144893863469384,Low
15765322,0.07136876471362581,Low
15723028,0.07109812693562581,Low
15764284,0.0709204212356597,Low
15748532,0.07090425398814883,Low
15622017,0.07077743015573916,Low
15814032,0.07069934237229754,Low
15649124,0.07065144654819532,Low
15808784,0.070593454880631,Low
15790744,0.07054472475776448,Low
15735263,0.07030172557626212,Low
15642291,0.06992952532462983,Low
15607178,0.06991427967778015,Low
15684248,0.06961993680547589,Low
15795519,0.06943136335051195,Low
15807546,0.06931458355233909,Low
15602124,0.06879921302957376,Low
15692110,0.06845763809096647,Low
15777896,0.06816864471706088,Low
15812594,0.06816318456313517,Low
15695225,0.06792796661715796,Low
15662483,0.06788310274468769,Low
15815364,0.06785172011324545,Low
15670492,0.06780622126242353,Low
15642160,0.06733062113602387,Low
15632736,0.06729238436468016,Low
15644796,0.06724734004344388,Low
15682728,0.0669482336216981,Low
15624072,0.06686779808534597,Low
15750547,0.06655643604407924,Low
15725068,0.0664565923754621,Low
15589329,0.06639777825779028,Low
15725302,0.06638294944429293,Low
15621687,0.066303939921392,Low
15603674,0.06606174290456841,Low
15702561,0.06601311083521126,Low
15654183,0.06580388786864907,Low
15736413,0.06576621112195909,Low
15656263,0.0657082178473627,Low
15768881,0.06550524532545056,Low
15714874,0.06541739105470103,Low
15745624,0.06522258680972863,Low
15733444,0.0652118233096705,Low
15683553,0.06505732954975706,Low
15637235,0.06489990771685523,Low
15611105,0.06477860370761966,Low
15663706,0.0645020003464169,Low
15649793,0.06423984498854356,Low
15646969,0.06407137315240734,Low
15785798,0.06402326173571794,Low
15645937,0.0639722800123101,Low
15810432,0.06389741522323526,Low
15739576,0.06337401456201035,Low
15659949,0.06308536541696834,Low
15627847,0.0630135688123969,Low
15625247,0.06256542291627697,Low
15669169,0.06171132043108975,Low
15611088,0.061459333954754,Low
15633818,0.06134423995575972,Low
15618391,0.06126169062346834,Low
15693683,0.061157273384069386,Low
15804052,0.060768521952806756,Low
15580227,0.060533927252889155,Low
15678571,0.0604380629394358,Low
15576526,0.060069040922651945,Low
15730038,0.05996133715329249,Low
15781530,0.05970354899966522,Low
15599976,0.059602770095166305,Low
15674206,0.059571063487544755,Low
15586699,0.0593950428239218,Low
15801994,0.05932086687438411,Low
15689671,0.059315091192226804,Low
15569654,0.05913812135962017,Low
15656286,0.05901632661316084,Low
15773098,0.058943122842041624,Low
15708904,0.05815197367448039,Low
15770375,0.058141105934231,Low
15712176,0.05813023411794112,Low
15738627,0.05763196600298622,Low
15608387,0.056751802169286984,Low
15765258,0.05649247326222347,Low
15720725,0.05641190663678988,Low
15681705,0.05608515074726255,Low
15589358,0.05589920451871969,Low
15754072,0.05585271948866006,Low
15651958,0.055822171105856716,Low
15799910,0.05565168251114785,Low
15620344,0.05417173889937099,Low
15575955,0.0524749609486598,Low
15636935,0.0521015665425877,Low
15672970,0.051886629147589125,Low
15623695,0.051404967165171456,Low
15785167,0.05092576977781342,Low
15621457,0.05023852550605305,Low
15711316,0.049819147437299864,Low
15732448,0.04974542698579158,Low
15645103,0.04944836491133116,Low
15657439,0.04828268568790289,Low
15665181,0.04751507874228252,Low
15637593,0.04706914693896995,Low
15708256,0.046841651462174796,Low
15635598,0.04609905307923941,Low
15642991,0.046057334638789964,Low
15634146,0.045727218623238405,Low
15781409,0.04481499021485626,Low
15776348,0.04308014881032725,Low
15710450,0.042878225467951316,Low
15656921,0.04273092931086193,Low
15578211,0.04262918262840072,Low
15772777,0.0418901091882019,Low
15599124,0.04146079302967808,Low
15707219,0.040240356931675186,Low
15575060,0.039542730451247815,Low
15757931,0.03878345008851986,Low
15579131,0.03870570164115122,Low
15628308,0.0378304679778555,Low
15607713,0.037305595657360496,Low
